ID,Index #,Day,Trip #,Trip Status,Date,Start Time,End Time,Duration,Type,Type Full,Event,Type of Event,Level,Level Wide,Site,Site Full,Leader 1,Leader 2,Leader 3,Leader 4,FEE,Transport Needed,Type of Transport,Date Confirmed,Notes,Fee Reqd,Fee Confirmed,Maximum Attendance,Non-birding Event,Program,Location,Special Note on 2015,Secondary Status,Wildcard,Multi-Event,Multi-Event Code,Multi-Event Linked Trip #,Site Room,Review Notes,Super Status
2,2,Friday,001,Retain,,6:45:00 AM,2:30:00 PM,7:15,F,Field Trip,Casual Little Big Day ,Birding Event,,,CC,Community Center,Maggie Smith,Herb Elliott,,,$60.00,TRUE,Van,,,Yes,FALSE,14,FALSE,"Join Maggie Smith and Herb Elliott for a tour of many local birding hot spots.  Expect nearly 100 species, including specialties and rarities, with time to discuss the birds and savor them a bit.  Travel with leader in van.  Bring lunch.  Easy but many in",North Coast??,,,,TRUE,CLBD1,"001, 083",,OK,SOLID
3,3,Friday,002,Retain,,6:45:00 AM,4:00:00 PM,9:15,F,Field Trip,Big Day ,Birding Event,,,CC,Community Center,Ron Melcer,Karl Frank,,,$70.00,TRUE,Van,,,Yes,FALSE,20,FALSE,"See loons to sparrows with Ron Melcer on this full day of birding the area.  Pace to be determined by the leader based on the desires of the group, but expect a rather fast-paced day, seeing over 100 species, including specialties and rarities.  Travel wi",,,,,TRUE,BD1,"002, 044",,OK,SOLID
4,4,Friday,005,Retain,,7:15:00 AM,2:00:00 PM,6:45,F,Field Trip,Explore North Coast Birding,Birding Event,,,CC,Community Center,Karen Clarke ,Gale Kordowski,,,$18.00,FALSE,Personal Vehicle,,,Yes,TRUE,15,FALSE,"Visit spots along the rugged North Coast with Karen Clarke and Gale Kordowski to look for Surfbirds, turnstones, Snowy Plovers, scoters, mergansers, loons, grebes, gulls, and more.  Also expect to see a variety of raptors, including Peregrine Falcons, Gol",,,,,TRUE,ENCB1,"005, 046",,OK,SOLID
5,5,Friday,008,Retain,,7:30:00 AM,3:00:00 PM,7:30,F,Field Trip,Oso Flaco Lake-Oceano Area ,Birding Event,,,CC,Community Center,Paul Keller,,,,$60.00,TRUE,Van,,,Yes,FALSE,12,FALSE,"Bird with Paul Keller.  Enjoy close views of waterfowl, and occasional bitterns and rails, from the boardwalk over the lake and marsh.  Bird two prime willow habitats for wintering warblers.  Includes 2-3 miles of slow walking.  Travel with leader in van.",,,,,FALSE,,,,OK,SOLID
6,6,Friday,010,Retain,,7:45:00 AM,2:00:00 PM,6:15,F,Field Trip,"Las Cruzitas Ranch, Santa Ynez",Birding Event,BW,"B, W",BU,Buellton,Cruz Phillips,Pete Dullea,Cher Hollingworth,,,FALSE,Personal Vehicle,,,,FALSE,20,FALSE,"Designed for those driving to the Festival from the south.  Meet at Albertson’s parking lot in Buellton, CA (Hwy 246 east exit from 101).  This is 75 miles south of Morro Bay!  Leader will have list of registered participants; you may check in at the Fest",,,,,TRUE,LCR1,"010, 133",,OK,SOLID
7,7,Friday,011,Retain,,7:45:00 AM,4:00:00 PM,8:15,F,Field Trip,Santa Margarita Lake Big Day ,Birding Event,,,CC,Community Center,Jan Surbey,Chuck Woodard,,,,FALSE,Personal Vehicle,,,Yes,FALSE,15,FALSE,Join Park Ranger Chuck Woodard and Jan Surbey for an all-day birding extravaganza!  A walk along the lakeshore searching for waterfowl and oak woodland species in the morning will be followed by a walk along the Salinas River before it flows into the lake,Santa Margarita Lake,,,,FALSE,,,,OK,SOLID
8,8,Friday,003,Retain,,7:00:00 AM,12:00:00 PM,5:00,F,Field Trip,Hiking Half Day in Morro Bay State Park ,Birding Event,,,SPM,State Park Marina,Mike Stiles,,,,,FALSE,None,,,,FALSE,12,FALSE,Take a walking tour of the area around the Morro Bay Museum.  Walk about 2.5 miles with Mike Stiles and cover a variety of habitats.  You'll view shorebirds around the marina and the edges of Morro Bay and scope waterfowl on the bay.  You will visit the M,MB State Park,,,,FALSE,,,,OK,SOLID
10,10,Friday,004,Retain,,7:15:00 AM,10:00:00 AM,2:45,F,Field Trip,Bird Banding in Morro Bay,Birding Event,,,CC,Community Center,Jodi Isaacs,,,,,FALSE,Personal Vehicle,,,,FALSE,10,FALSE,"Observe mist-netted passerines in Morro Bay State Park with Jodi Isaacs, Environmental Scientist for California State Parks.   Discuss identification, analysis and bird-banding data collection techniques.  Probable species captured include sparrows (maybe",,,,,TRUE,BBMB1,"004, 040",,Why is this trip 7:15 and 040 is 7am?,SOLID
11,11,Friday,006,Retain,,7:30:00 AM,12:00:00 PM,4:30,F,Field Trip,Birding Multiple Habitats,Nature Event,BY,B,CC,Community Center,Phil Adams,Carole Adams,,,,FALSE,Personal Vehicle,,,,FALSE,15,FALSE,"Observe the different birds found at San Simeon State Park by the creek, wetlands, shoreline, chaparral, and pine forest habitats with State Parks Docents Phil and Carole Adams.  Expect a variety of land birds including Pygmy Nuthatches.  50 miles round t",,,,,TRUE,VMH1,"007, 125",,OK,SOLID
12,12,Friday,007,Retain,,7:30:00 AM,12:00:00 PM,4:30,F,Field Trip,Harmony Headlands,Birding Event,BY,B,CC,Community Center,Steve Griffith,,,,,FALSE,Personal Vehicle,,,,FALSE,15,FALSE,"Join leader Steve Griffith for a 3-4 mile beginner-to-intermediate walk from Highway 1 west to the exposed rocky coastline north of Point Estero.  Habitat ranges from grasslands to freshwater pond/wetland to rocky shoreline.  Expect waterfowl, herons, egr",,,,,FALSE,,,,OK,SOLID
13,13,Friday,012,Retain,,8:00:00 AM,12:00:00 PM,4:00,F,Field Trip,Photographic Hot Spots With Birds ,Birding Event,,,CC,Community Center,Don Quintana,Jerry Kirkhart,,,,FALSE,Personal Vehicle,,,,FALSE,12,FALSE,"Bring a camera (a point-and-shoot with telephoto capabilities, or a DSLR with 300-mm-plus capability), and a tripod if possible, along with binoculars (spotting scope optional) to photograph and observe local scenic hot spots for birds.  You'll travel wit",,,,,FALSE,,,,OK,SOLID
15,15,Friday,013,Retain,,8:15:00 AM,12:00:00 PM,3:45,F,Field Trip,Bay Shore to Salt Marsh Walk,Birding Event,BY,B,CC,Community Center,Rouvaishyana ,Randy Bello,Louise Bello,,,FALSE,Personal Vehicle,,,,FALSE,15,FALSE,"Travel by personal vehicle from the Community Center to Bayshore Bluffs Park, a small city park.  From there walk past the Inn at Morro Bay, the Heron Rookery, a mudflat shore, the Museum, and into the salt marsh.  Walking along the edge of the bay, you w",,,,,FALSE,,,,OK,SOLID
16,16,Friday,014,Retain,,8:30:00 AM,11:00:00 AM,2:30,P,Presentation,Basics of Bird ID,Birding Event,BWY,"B, W",ST,St. Timothy's,Bill Bouton,,,,,FALSE,None,,,,FALSE,50,FALSE,"Join experienced birder Bill Bouton for this entertaining and informative workshop for new birders.  Using many projected images, Bill will share aspects of bird observation, for the purpose of determining identification that you may not find in field gui",,,,,TRUE,BOBID1,"014, 026",,OK,SOLID
17,17,Friday,015,Retain,,8:30:00 AM,12:00:00 PM,3:30,F,Field Trip,South Morro Bay Shoreline,Birding Event,,,CC,Community Center,Jay Carroll ,,,,,FALSE,Personal Vehicle,,,,FALSE,15,FALSE,"Join leader Jay Carroll for a flat 2-3 mile walk birding the diverse shoreline habitats of the Back Bay, including Sweet Springs Nature Preserve, Cuesta Inlet and Pecho Willows.  Expect a variety of shorebirds, waterfowl, raptors and passerines. 12 miles ",,,,,TRUE,SMBS1,"015, 106",,OK,SOLID
18,18,Friday,016,Retain,,9:00:00 AM,10:45:00 AM,1:45,F,Field Trip,Bay Birding Photo Cruise ,Birding Event,B,B,E,Embarcadero,Dave Keeling,,,,$30.00,TRUE,Boat,,,Yes,FALSE,18,FALSE,"Join local expert photographer Dave Keeling aboard a 34-foot power catamaran and cruise around the ever beautiful estuary.  Dave will attempt to spot and help identify birds that are seen.  Not all of them are cooperative, but there are always some good p",,,,,TRUE,BBPC1,"016, 065, 108",,OK,SOLID
19,19,Friday,018,Retain,,9:00:00 AM,12:00:00 PM,3:00,F,Field Trip,Kayaking ,Birding Event,BY,,SPM,State Park Marina,John Flaherty,Virginia Flaherty,,,$45.00,TRUE,Kayak,,,Yes,FALSE,6,FALSE,"Go out on a kayak tour of Morro Bay with John and Virginia Flaherty and guides at Central Coast Outdoors.  Get an opportunity for an up-close view of White Pelicans, Brant, Common Loons, and a host of other migratory waterfowl and shorebirds in their natu",,,,,TRUE,K1,"017, 056, 066, 110, 129",,OK,SOLID
20,20,Friday,017,Retain,,9:00:00 AM,12:00:00 PM,3:00,F,Field Trip,Birding Around Morro Bay,Birding Event,,,CC,Community Center,Marlin Harms ,Dennis Sheridan,,,,FALSE,Personal Vehicle,,,,FALSE,15,FALSE,"Bird with Marlin Harms and Dennis Sheridan to visit the best birding spots around the estuary, including Morro Rock, the bay, the marina, and more.  Look for shorebirds, water birds, and land birds. 15 miles round trip by personal vehicle.  Moderate.",,,,,FALSE,,,,OK,SOLID
21,21,Friday,022,Retain,,10:00:00 AM,12:00:00 PM,2:00,F,Field Trip,Morro Bay Marina Limited Mobility,Birding Event,W,W,SPM,State Park Marina,Rich Hansen,,,,,FALSE,None,,,,FALSE,10,FALSE,"The Morro Bay State Park Marina boardwalk provides opportunities for viewing a variety of shorebirds, ducks, geese, loons, grebes, gulls, terns and herons.  Additionally, Peregrine Falcons and other raptors, warblers, sparrows, finch and other local birds",,,,,FALSE,,,,OK,SOLID
23,23,Friday,025,Retain,,1:00:00 PM,2:30:00 PM,1:30,F,Field Trip,Snowy Plovers in the Field,Birding Event,BY,B,CC,Community Center,Regena Orr,,,,,FALSE,Personal Vehicle,,,,FALSE,15,FALSE,"Join Regoma Orr, Environmental Scientist for California State Parks, as you explore the beach for Western Snowy Plover and learn about their habits.  Hear the life history of this small bird and why it is listed as a Federally Threatened Species.  (www.we",,,,,TRUE,SP1,"022, 068",,OK,SOLID
24,24,Friday,038,Retain,,3:00:00 PM,4:30:00 PM,1:30,P,Presentation,The World of Plankton & Why It Matters,Nature Event,BWY,"B, W",M,Museum,Karen Watts,,,,,FALSE,None,,,,FALSE,58,FALSE,"FEEDING FRENZY!  Follow the path of the sun's energy as it is captured by microscopic phytoplankton, transferred to bait fish and used to fuel the annual summer freeding frenzy of birds, fish and marine mamals.  Live local plankton will be viewed using th",,,,,FALSE,,,Auditorium,OK,SOLID
25,25,Friday,026,Retain,,1:00:00 PM,3:00:00 PM,2:00,F,Field Trip,Basics of Bird ID in the Field,Birding Event,BY,B,CC,Community Center,Rouvaishyana,Ralph Cass,,,,FALSE,Personal Vehicle,,,,FALSE,20,FALSE,"Join Ralph Cass and Rouvaishyana in the field for the second part of the “Basics of Bird ID” workshop.  (See event #014, which is a prerequisite to this event.) Bring binoculars and your field guide. <5 miles round trip by personal vehicle.  Easy.",,,,,TRUE,BOBID2,"014, 026",,OK,SOLID
27,27,Friday,030,Retain,,1:30:00 PM,2:30:00 PM,1:00,F,Field Trip,Pacific Wildlife Care Tour,Nature Event,BY,"B, C",CC,Community Center,Claudia Duckworth,,,,,FALSE,Personal Vehicle,,,,FALSE,15,FALSE,"Join long-time volunteer and board member, Claudia Duckworth, at the Pacific Wildlife Care Center in Morro Bay.  Following a brief presentation, Claudia will give a tour of the Wildlife Rehabilitation Center facility.  Learn about PWC's work with lead-poi",,,,,TRUE,PWCT1,"028, 117",,OK,SOLID
28,28,Friday,031,Retain,,1:30:00 PM,3:30:00 PM,2:00,F,Field Trip,Gardening to Attract Birds,Nature Event,B,,CC,Community Center,Ken Levine,,,,,FALSE,Personal Vehicle,,,,FALSE,15,FALSE,"Join Ken Levine for a presentation at the San Luis Obispo Botanical Garden and a docent-led tour of the garden that highlights plants from the five Mediterranean climate zones of the world, which provide a unique bird habitat.  You will see many nectar-pr",,,,,FALSE,,,,OK,SOLID
29,29,Friday,037,Retain,,2:30:00 PM,5:00:00 PM,2:30,P-F,Presentation/Field Trip,The Peregrine Falcons of Morro Rock,Birding Event,BWY,"B, W",V,Veterans' Hall,Steve Schubert,,,,,FALSE,Personal Vehicle,,,,FALSE,30,FALSE,"Join Steve Schubert for a presentation on the biology and the current status of our local resident Peregrine Falcons.  Steve authored the book ""The Peregrine Falcons of Morro Rock - A History,"" documenting a 40-year history of the monitoring and managemen",,,,,FALSE,,,,OK,SOLID
30,30,Friday,039,Retain,,3:00:00 PM,4:45:00 PM,1:45,F,Field Trip,Bay Birding Cruise ,Birding Event,BY,B,E,Embarcadero,Roger Zachary,,,,$30.00,TRUE,Boat,,,Yes,FALSE,18,FALSE,"Enjoy a leisurely boating tour of the bay and estuary with Roger Zachary in an open-deck 34-foot power catamaran.  View a variety of shorebirds and waterfowl, often at very close range.  The boat will move slowly enough for you to see details of many spec",,,,,TRUE,BBC1,"036, 070, 080, 114, 122, 136",,OK,SOLID
31,31,Friday,040,Retain,,3:00:00 PM,5:00:00 PM,2:00,P,Presentation,Gulls of San Luis Obispo County  ,Birding Event,W,W,CC,Community Center,Kaaren Perry,,,,,FALSE,None,,,,FALSE,70,FALSE,"Join Kaaren Perry, a San Luis Obispo gull expert, as she shares with you some of her favorite secrets that will help you to identify the resident and wintering gulls of San Luis Obispo County.  Discussion of species, distribution, aging and plumages will ",,,,,TRUE,GSLOC1,"034, 055, 128",Multipurpose Room,OK,SOLID
33,33,Friday,043,Retain,,5:00:00 PM,6:30:00 PM,1:30,S,Special Event,Festival Opening Reception,Birding Event,BW,"B, W",CC,Community Center,MBWBF Committee,,,,,FALSE,None,,,,FALSE,300,FALSE,"Enjoy wine and cheese and meet fellow birders at the Bird Festival Bazaar.  Browse through the vendor booths featuring optics, books and CDs, garden art, nature photography and art, woodcarvings, jewelry, conservation and nature organizations, and more!",,,,,FALSE,,,,OK,SOLID
35,35,Saturday,049,Retain,,7:00:00 AM,4:00:00 PM,9:00,F,Field Trip,Big Pelagic: Birds & Whales,Birding Event,,,CC,Community Center,Tom Edell,Brad Schram,Curtis Marantz,Tom Benson,$100.00,TRUE,Boat,,,Yes,FALSE,39,FALSE,"Spend a day at sea with Tom Edell, Brad Schram, Curtis Marantz and Tom Benson searching for albatross, shearwaters, kittiwakes, alcids, jaegers, gray whales, and much more.  Meet at the Community Center and travel by personal vehicle to the boat.  Dress f",,,,,FALSE,,,,Should we have this trip meet at the boat? We have 5 trips leaving CC at 7am on Sat.,SOLID
36,36,Saturday,048,Retain,,7:00:00 AM,4:00:00 PM,9:00,F,Field Trip,Big Day ,Birding Event,,,CC,Community Center,Ron Melcer ,,,,$70.00,TRUE,Van,,,Yes,FALSE,14,FALSE,"See loons to sparrows with Ron Melcer on this full day of birding the area.  Pace to be determined by the leader based on the desires of the group, but expect a rather fast-paced day, seeing over 100 species, including specialties and rarities.  Travel wi",,,,,TRUE,BD2,"002, 044",,OK,SOLID
37,37,Saturday,052,Retain,,7:15:00 AM,4:00:00 PM,8:45,F,Field Trip,Hiking Big Day,Birding Event,,,CC,Community Center,Mike Stiles  ,,,,,FALSE,None,,,,FALSE,12,FALSE,"Leave the fossil fuels untouched and walk with leader Mike Stiles through the Morro Bay area!  This day can make you and the environment feel good.  Bird a variety of habitats;  80+ species are possible.  Walking will be slow-paced, mostly level, with man",,,,,FALSE,,,,OK,SOLID
38,38,Saturday,051,Retain,,7:15:00 AM,2:00:00 PM,6:45,F,Field Trip,Explore North Coast Birding,Birding Event,,,CC,Community Center,Karen Clarke ,Gale Kordowski,,,$18.00,FALSE,Personal Vehicle,,,Yes,TRUE,15,FALSE,"Visit spots along the rugged North Coast with Karen Clarke and Gale Kordowski to look for Surfbirds, turnstones, Snowy Plovers, scoters, mergansers, loons, grebes, gulls, and more.  Also expect to see a variety of raptors, including Peregrine Falcons, Gol",,,,,TRUE,ENCB2,"005, 046",,OK,SOLID
39,39,Sunday,106,Retain,,8:15:00 AM,2:30:00 PM,6:15,F,Field Trip,Highway 1 Corridor Raptor Survey,Birding Event,,,CC,Community Center,Steve Schubert,,,,$60.00,TRUE,Van,,,Yes,FALSE,10,FALSE,"Join biologist Steve Schubert to explore a historic Cayucos area ranch (weather and roads permitting) with varying habitats including streamside woodland, grassland and pastureland, rock outcrops, and a large pond and freshwater marsh.  Also search for ra",,,,,FALSE,,,,OK,SOLID
41,41,Saturday,045,Retain,,7:00:00 AM,10:00:00 AM,2:45,F,Field Trip,Bird Banding in Morro Bay,Birding Event,,,CC,Community Center,Jodi Isaacs,,,,,FALSE,Personal Vehicle,,,,FALSE,10,FALSE,"Observe mist-netted passerines in Morro Bay State Park with Jodi Isaacs, State Parks Environmental Scientist.  Discuss identification, analysis and bird-banding data collection techniques.  Probable species captured include sparrows (maybe a “large-billed",,,,,TRUE,BBMB2,"004, 040",,OK,SOLID
42,42,Saturday,047,Retain,,7:00:00 AM,2:00:00 PM,4:00,F,Field Trip,Point Buchon Ecology Field Trip,Nature Event,BY,B,CC,Community Center,Sally Krenn,,,,,FALSE,Personal Vehicle,,,,FALSE,15,TRUE,"Join Sally Krenn, PG&E Biologist, as you explore the spectacular scenic coastline at Point Buchon.  Learn the background of this historic ranch and the efforts to regenerate the Bishop pine forest along the ridges overlooking the ocean.  Look for marine m",,,,,TRUE,PBEFT1,"041, 086",,OK,SOLID
43,43,Saturday,055,Retain,,7:30:00 AM,12:00:00 PM,4:30,F,Field Trip,Estero Bluffs for New Birders,Birding Event,BY,B,CC,Community Center,Rick Austin,,,,,FALSE,Personal Vehicle,,,,FALSE,15,FALSE,"Join leader Rick Austin for a slow-paced walk of 1.5-2 miles along a beautiful and wild ocean bluff trail.  Expect rock-loving shorebirds such as Black and Ruddy Turnstones, Surfbirds, Whimbrels, scoters, terns, gulls and maybe a Harlequin Duck. 20 miles ",,,,,TRUE,,,,OK,SOLID
44,44,Saturday,057,Retain,,7:45:00 AM,12:00:00 PM,4:15,F,Field Trip,Raptors of Sunshine Ranch ,Birding Event,BY,B,CC,Community Center,Kara Hagedorn,Ralph Cass,,,,FALSE,Personal Vehicle,,,,FALSE,16,FALSE,"Come experience Sunshine Ranch with leaders Kara Hagedorn and Ralph Cass. The ranch is a unique area between Santa Margarita and Atascadero.  Meet Sunshine, an injured Red-tailed Hawk, and learn about identification and adaptations of raptors that live in",,,,,FALSE,,,,OK,SOLID
46,46,Saturday,059,Retain,,8:00:00 AM,10:30:00 AM,2:30,F,Field Trip,Gulls of San Luis Obispo County Field Study,Birding Event,,,CC,Community Center,Kaaren Perry,,,,,FALSE,Personal Vehicle,,,,FALSE,16,FALSE,Enjoy a fun morning of birding with Kaaren Perry and focus on the study of our local gulls.  Have a chance to practice identifying and talk a little more about aging the various gull species that will be easily viewable from the shore.  Binoculars are nec,,,,,TRUE,GSLOC2,"034, 055, 128",,OK,SOLID
47,47,Saturday,063,Retain,,8:15:00 AM,12:00:00 PM,4:00,F,Field Trip,Estero Bluffs for Intermediates,Birding Event,,,CC,Community Center,Marlin Harms,Rick Derevan,,,,FALSE,Personal Vehicle,,,,FALSE,15,FALSE,"Join leaders Marlin Harms and Rick Derevan for intermediate/advanced birding on a walk of 1.5-2 miles along a beautiful and wild ocean bluff trail.  Expect rock-loving shorebirds such as Black and Ruddy Turnstones, Surfbirds, Whimbrels, scoters, terns, gu",,,,,TRUE,,,,OK,SOLID
48,48,Saturday,056,Retain,,7:30:00 AM,12:00:00 PM,4:00,F,Field Trip,"Montaña de Oro Campground, Cove & Bluffs",Birding Event,BY,B,CC,Community Center,Jay Carroll,Bert Townsend,,,,FALSE,Personal Vehicle,,,,FALSE,15,FALSE,"Bird with Jay Carroll and Bert Townsend in a spectacular 8,600-acre state park with untamed coastline and coastal uplands.  Expect rocky-shore shorebirds, water birds, raptors, and passerines in various habitats.  Includes 1-2 miles of slow walking. 20 mi",,,,,TRUE,MDO1,"049, 093, 135",,OK,SOLID
49,49,Saturday,061,Retain,,8:00:00 AM,12:00:00 PM,4:00,F,Field Trip,Birding Fiscalini Ranch,Birding Event,,,CC,Community Center,Bob Keally,,,,,FALSE,Personal Vehicle,,,,FALSE,15,FALSE,"Bird with Bob Keally on Cambria's Fiscalini Ranch on a moderate (244 feet elevation gain) three-mile hike through grassland, mixed oak/Monterey pine forest, and coastal bluffs.  Expect a diversity of birds, including sparrows, birds of prey, Pygmy Nuthatc",,,,,TRUE,BFR1,"057, 132",,OK,SOLID
50,50,Saturday,064,Retain,,8:15:00 AM,12:00:00 PM,3:45,F,Field Trip,Songbirds in the Pines ,Birding Event,,,CC,Community Center,Randy Bello,Rouvaishyana,Louise Bello,,,FALSE,Personal Vehicle,,,,FALSE,15,FALSE,"Take a short drive to pine woods on the slopes of Black Hill in Morro Bay, where you will hike trails searching for towhees, finches, woodpeckers, and other birds of this habitat with Museum of Natural History Manager Rouvaishyana, State Parks Docent Rand",,,,,FALSE,,,,OK,SOLID
51,51,Saturday,068,Retain,,8:30:00 AM,12:00:00 PM,3:30,F,Field Trip,Explore Elfin Forest & Sweet Springs,Birding Event,BY,"B, W",CC,Community Center,Steve Griffith,,,,,FALSE,Personal Vehicle,,,,FALSE,15,FALSE,"Bird with Steve Griffith in area parklands through a variety of habitats including riparian, oak woodland and bay overlooks.  We expect to see raptors, passerines and shorebirds in this easy-paced walk.  Beginners welcome!  The Elfin Forest and portions o",,,,,FALSE,,,,OK,SOLID
52,52,Saturday,067,Retain,,8:30:00 AM,12:00:00 PM,3:30,F,Field Trip,Bird El Chorro Regional Park,Birding Event,BY,B,CC,Community Center,Karl Frank,,,,,FALSE,Personal Vehicle,,,,FALSE,15,FALSE,"Bird with Karl Frank in a regional park that has riparian, oak woodland and open space habitats.  Expect to see raptors and passerines.  Focus will be on birding by ear as well as by eye.  Beginners welcome!  Includes 1-2 miles of level walking. 15 miles ",,,,,TRUE,BECRP1,"063, 090",,OK,SOLID
53,53,Saturday,065,Retain,,8:30:00 AM,11:30:00 AM,3:30,F,Field Trip,"Coastal Cove, Bluff and Tidepool Ecology",Nature Event,BY,B,CC,Community Center,Dean Thompson,,,,,FALSE,Personal Vehicle,,,,FALSE,15,TRUE,"Join environmental educator Dean Thompson on a pleasant and mostly level natural history walk along the Bluff Trail at Montana de Oro State Park for magnificent views and to see a variety of rocky shoreline birds such as Brown Pelicans, Black Oystercatche",,,,,FALSE,,,,OK,SOLID
54,54,Saturday,069,Retain,,9:00:00 AM,10:45:00 AM,1:45,F,Field Trip,Bay Birding Photo Cruise ,Birding Event,B,B,E,Embarcadero,Dave Keeling,,,,$30.00,TRUE,Boat,,,Yes,FALSE,18,FALSE,"Join local expert photographer Dave Keeling aboard a 34-foot power catamaran and cruise around the ever beautiful estuary.  Dave will attempt to spot and help identify birds that are seen.  Not all of them are cooperative, but there are always some good p",,,,,TRUE,BBPC2,"016, 065, 108",,OK,SOLID
55,55,Saturday,060,Retain,,8:00:00 AM,11:00:00 AM,3:00,F,Field Trip,Kayaking,Birding Event,BY,,SPM,State Park Marina,John Flaherty,Virginia Flaherty,,,$45.00,TRUE,Kayak,,,Yes,FALSE,12,FALSE,"Go out on a kayak tour of Morro Bay with John and Virginia Flaherty and guides at Central Coast Outdoors.  Get an opportunity for an up-close view of White Pelicans, Brant, Common Loons, and a host of other migratory waterfowl and shorebirds in their natu",,,,,TRUE,K2,"017, 056, 066, 110, 129",,OK,SOLID
57,57,Saturday,073,Retain,,1:00:00 PM,2:30:00 PM,1:30,F,Field Trip,Snowy Plovers in the Field,Birding Event,BY,B,CC,Community Center,Regena Orr,Jodi Isaacs,,,,FALSE,Personal Vehicle,,,,FALSE,15,FALSE,"Join Jodi Isaacs, Environmental Scientist for California State Parks, as you explore the beach for Western Snowy Plover and learn about their habits.  Hear the life history of this small bird and why it is listed as a Federally Threatened Species.  (www.w",,,,,TRUE,SP2,"022, 068",,OK,SOLID
59,59,Saturday,074,Retain,,1:00:00 PM,2:45:00 PM,1:45,F,Field Trip,Bay Birding Cruise,Birding Event,BY,B,E,Embarcadero,Claudia Freitas,Robbie Revel,,,$30.00,TRUE,Boat,,,Yes,FALSE,18,FALSE,"Enjoy a leisurely boating tour of the bay and estuary with leader Jim Royer in an open-deck 34-foot power catamaran.  View a variety of shorebirds and waterfowl, often at very close range.  The boat will move slowly enough for you to see details of many s",,,,,TRUE,BBC2,"036, 070, 080, 114, 122, 136",,OK,Waiting to find leader
60,60,Saturday,075,Retain,,1:00:00 PM,3:00:00 PM,2:00,F,Field Trip,Marina Point Boardwalk ,Birding Event,BW,"B, W",SPM,State Park Marina,Randy Bello,Louise Bello,,,,FALSE,None,,,,FALSE,12,FALSE,"The new Morro Bay State Park Marina boardwalk provides excellent opportunity for viewing a variety of shorebirds, ducks, geese, loons and grebes, gulls, terns and herons as well as raptors, warblers, sparrows, finch and more.  This is an easy, level walk ",,,,,FALSE,,,,OK,SOLID
61,61,Saturday,076,Retain,,1:00:00 PM,3:00:00 PM,2:00,F,Field Trip,Pishing and Bird Calls,Birding Event,BY,"B, C",SPM,State Park Marina,Rouvaishyana,,,,,FALSE,None,,,,FALSE,15,FALSE,"Learn how birders use “pishing” and other vocal sounds to attract birds for closer study.  There will be an introductory workshop session, followed by a short field trip to try out your new skills, led by Rouvaishyana, Museum Manager and State Parks Inter",,,,,FALSE,,,,OK,SOLID
62,62,Saturday,077,Retain,,1:00:00 PM,4:00:00 PM,3:00,F,Field Trip,Sea Otters & the Kelp Forest,Nature Event,BY,,CC,Community Center,Phil Adams,Carole Adams,,,,FALSE,Personal Vehicle,,,,FALSE,15,TRUE,Learn about the diversity of life within the kelp forest as you join State Parks Docents Phil and Carole Adams for a walk along Estero Bluffs north of Cayucos.  Watch for sea otters and learn the role they play in maintaining a healthy kelp forest. 20 mil,,,,,FALSE,,,,OK,SOLID
64,64,Saturday,079,Retain,,1:30:00 PM,2:30:00 PM,1:00,P,Presentation,Pacific Wildlife Care - Meet the Raptors,Birding Event,BWY,"B, C, W",V,Veterans' Hall,PWC,,,,,FALSE,None,,,,FALSE,250,FALSE,"Meet several birds of prey, including a Great Horned Owl, a Long-eared Owl, a Red-tailed Hawk, and a Peregrine Falcon.  These birds are educational ambassadors for Pacific Wildlife Care, a nonprofit wildlife rehabilitation center in Morro Bay.  During the",,,,,TRUE,PWC1,"075, 079",,OK,SOLID
65,65,Sunday,128,Retain,,3:00:00 PM,4:30:00 PM,1:15,P,Presentation,"Great Blue Herons, Egrets and Other Rookery Wonders",Birding Event,BWY,"B, W",M,Museum,Louise Abbott,,,,,FALSE,None,,,,FALSE,58,FALSE,"Enjoy a talk about Great Blue Herons, Great and Snowy Egrets, Black-crowned Night-Herons and other residents of the rookery in Morro Bay State Park.  Learn about courtship rituals and nesting habits, and see photos of adults caring for their young.  Meet ",,,,,FALSE,,,Auditorium,OK,SOLID
66,66,Saturday,070,Retain,,9:00:00 AM,12:00:00 PM,3:00,F,Field Trip,Kayaking,Birding Event,BY,,SPM,State Park Marina,John Flaherty,Virginia Flaherty,,,$45.00,TRUE,Kayak,,,Yes,FALSE,12,FALSE,"Go out on a kayak tour of Morro Bay with John and Virginia Flaherty and guides at Central Coast Outdoors.  Get an opportunity for an up-close view of White Pelicans, Brant, Common Loons, and a host of other migratory waterfowl and shorebirds in their natu",,,,,TRUE,K3,"017, 056, 066, 110, 129",,OK,SOLID
67,67,Saturday,083,Retain,,3:00:00 PM,4:00:00 PM,1:00,P,Presentation,Pacific Wildlife Care - Meet the Raptors,Birding Event,BWY,"B, C, W",V,Veterans' Hall,PWC,,,,,FALSE,None,,,,FALSE,250,FALSE,"Meet several birds of prey, including a Great Horned Owl, a Long-eared Owl, a Red-tailed Hawk, and a Peregrine Falcon.  These birds are educational ambassadors for Pacific Wildlife Care, a nonprofit wildlife rehabilitation center in Morro Bay.  During the",,,,,TRUE,PWC2,"075, 079",,OK,SOLID
69,69,Saturday,084,Retain,,3:00:00 PM,4:45:00 PM,1:45,F,Field Trip,Bay Birding Cruise  ,Birding Event,BY,B,E,Embarcadero,Marlin Harms,,,,$30.00,TRUE,Boat,,,Yes,FALSE,18,FALSE,"Enjoy a leisurely boating tour of the bay and estuary with leader Marlin Harms in an open-deck 34-foot power catamaran.  View a variety of shorebirds and waterfowl, often at very close range.  The boat will move slowly enough for you to see details of man",,,,,TRUE,BBC3,"036, 070, 080, 114, 122, 136",,OK,SOLID
74,74,Sunday,087,Retain,,6:45:00 AM,2:30:00 PM,7:15,F,Field Trip,Casual Little Big Day ,Birding Event,,,CC,Community Center,Maggie Smith,Herb Elliott,,,$60.00,TRUE,Van,,,Yes,FALSE,14,FALSE,"Join Maggie Smith and Herb Elliott for a tour of many local birding hot-spots.  Expect nearly 100 species, including specialties and rarities, with time to discuss the birds and savor them a bit.  Travel with leader in van.  Bring lunch.  Easy but many in",,,,,TRUE,CLBD2,"001, 083",,OK,SOLID
75,75,Saturday,044,Retain,,6:30:00 AM,5:00:00 PM,9:45,F,Field Trip,Condor Country   ,Birding Event,,,CC,Community Center,Steve Schubert,,,,$80.00,TRUE,Van,,,Yes,FALSE,20,FALSE,"Ride with Steve Schubert from the Hi Mountain Condor Lookout Project (www.condorlookout.org) through some of California’s primary condor habitat as you make your way to Bittercreek National Wildlife Refuge, a release and supplemental feeding site for capt",,,,,FALSE,,,,OK,SOLID
76,76,Sunday,090,Retain,,7:00:00 AM,12:00:00 PM,5:00,F,Field Trip,Little Pelagic Half-Day Ocean Trip,Birding Event,,,CC,Community Center,Tom Benson,Tom Edell,Rich Hansen,Curtis Marantz,$65.00,TRUE,Boat,,,Yes,FALSE,39,FALSE,"Join Rich Hansen, Curtis Marantz, Tom Edell and Tom Benson on this short cruise out of Morro Bay.  It offers likely views of whales, sea lions, sea otters, and near-shore Pacific seabirds, including several species of shearwaters and auklets.  Meet at the",,,,,FALSE,,,,OK,SOLID
78,78,Sunday,093,Retain,,7:30:00 AM,11:30:00 AM,4:00,F,Field Trip,Little Sit,Birding Event,,,CC,Community Center,Mike Stiles,,,,,FALSE,Personal Vehicle,,,,FALSE,10,FALSE,A Big Sit is an organized competitive group that attempts to identify (see or hear) as many species as possible from one spot (a 17-foot-diameter circle) in a calendar day.  Birders at the Los Osos site overlooking Morro Bay had the highest world-wide tot,,,,,FALSE,,,,OK,SOLID
79,79,Sunday,095,Retain,,7:30:00 AM,12:00:00 PM,4:30,F,Field Trip,Oak Woodland and Wetland Birds,Birding Event,,,CC,Community Center,Roger Zachary,,,,,FALSE,Personal Vehicle,,,,FALSE,15,FALSE,"Bird beautiful wooded habitat in the Atascadero area east of Morro Bay with Roger Zachary.  Stops include Cerro Alto Campground, Atascadero Lake and Creek, Salinas River and nearby oak habitats.  Find Acorn Woodpeckers, Yellow-billed Magpies, and others. ",,,,,FALSE,,,,OK,SOLID
80,80,Sunday,094,Retain,,7:30:00 AM,12:00:00 PM,4:30,F,Field Trip,Bird El Chorro Regional Park,Birding Event,BY,B,CC,Community Center,Steve Griffith,,,,,FALSE,Personal Vehicle,,,,FALSE,15,FALSE,"Bird with Steve Griffith in a regional park through a variety of habitats including riparian, oak woodland and open space.  Expect to see raptors and passerines.  Focus will be on birding by ear as well as by eye.  Beginners welcome!  Includes 1-2 miles o",,,,,TRUE,BECRP2,"063, 090",,OK,SOLID
81,81,Sunday,099,Retain,,7:45:00 AM,12:00:00 PM,4:15,F,Field Trip,Wildlife Viewing at Piedras Blancas,Nature Event,BY,,CC,Community Center,Phil Adams,,,,,FALSE,Personal Vehicle,,,Yes,FALSE,15,TRUE,"Observe and learn about the many different marine mammals that frequent the ocean environment at the area around the Piedras Blancas elephant seal rookery.  There will also be many shorebirds to observe.  The walk, led by State Parks Docent Phil Adams, wi",,,,,FALSE,,,,OK,SOLID
83,83,Monday,134,Retain,,8:00:00 AM,10:30:00 AM,2:30,F,Field Trip,Gulls of San Luis Obispo County Field Study ,Birding Event,,,CC,Community Center,Kaaren Perry,,,,,FALSE,Personal Vehicle,,,,FALSE,16,FALSE,Enjoy a fun morning of birding with Kaaren Perry and focus on the study of our local gulls.  Have a chance to practice identifying and talk a little more about aging the various gull species that will be easily viewable from the shore.  Binoculars are nec,,,,,TRUE,GSLOC3,"034, 055, 128",,OK,SOLID
84,84,Sunday,115,Retain,,9:00:00 AM,12:00:00 PM,3:00,P,Presentation,Jewels in your Backyard: Attracting and Feeding Hummingbirds,Birding Event,BW,,CC,Community Center,Sheri Williamson,Tom Wood,,,,FALSE,None,,,Yes,FALSE,15,FALSE,"Join our guest celebrities for a basic course in how to attract and enjoy hummingbirds in your yard.  We will cover basics of feeder design and maintenance, proper hummingbird nectar preparation and landscaping for hummingbirds using native plants.  Make ",,,,x,FALSE,,,,OK,SOLID
86,86,Sunday,102,Retain,,8:00:00 AM,12:00:00 PM,4:00,F,Field Trip,Mushroom Walk,Nature Event,BY,B,CC,Community Center,Dennis Sheridan,,,,,FALSE,Personal Vehicle,,,,FALSE,15,TRUE,"Explore the world of fungi with a fun guy!  Join naturalist and photographer Dennis Sheridan in looking down rather than up under the Cambria pines searching for Boletus, Candy Cap, Honey Mushroom, Jack-O’Lantern and Amanita mushrooms. 50 miles round trip",,,,,FALSE,,,,OK,SOLID
87,87,Sunday,105,Retain,,8:15:00 AM,12:00:00 PM,4:00,F,Field Trip,Photograph Birds Where the Locals Go ,Birding Event,BY,B,CC,Community Center,Don Quintana,Jerry Kirkhart,,,,FALSE,Personal Vehicle,,,,FALSE,10,FALSE,Bring a camera along with your binoculars to photograph and observe local scenic hot spots with birds. Don Quintana and Jerry Kirkhart will offer tips on capturing images from birds to panoramas while visiting several uniquely beautiful locations around t,,,,,FALSE,,,,OK,SOLID
88,88,Sunday,121,Retain,,1:00:00 PM,4:30:00 PM,3:45,P-F,Presentation/Field Trip,Shorebirds Made Easy,Birding Event,BY,B,M,Museum,Claudia Freitas,,,,,FALSE,None,,,,FALSE,16,FALSE,Peeps!!!?  Little brown birds … oh my.  How do you ever tell one shorebird from another?  What is a 'shorebird’?  Learn how to tell the 10 to 20 most common species apart.  Join biologist and State Parks Docent Claudia Freitas for a photo presentation sho,,,,,FALSE,,,Auditorium,OK,SOLID
89,89,Sunday,104,Retain,,8:15:00 AM,12:00:00 PM,3:45,F,Field Trip,Birding Cal Poly Canyon,Birding Event,,,CC,Community Center,Karl Frank,,,,,FALSE,Personal Vehicle,,,,FALSE,15,FALSE,"Take a creekside walk with Karl Frank and wildlife biology students up Poly Canyon through riparian, coastal scrub and rock outcrop communities.  Expect to see Oak Titmouse, Chestnut-backed Chickadee, Steller’s Jay, Rufous-crowned Sparrow, Nuttall’s Woodp",,,,,FALSE,,,,OK,SOLID
91,91,Sunday,108,Retain,,8:30:00 AM,12:00:00 PM,3:30,F,Field Trip,Birding by Careful Observation,Birding Event,BY,B,CC,Community Center,Michele Roest,,,,,FALSE,Personal Vehicle,,,,FALSE,12,FALSE,"Enjoy birds through leisurely in-depth observation and enhance your ID skills with the help of biologist Michele Roest.  This is not a ""tick and run"" kind of birding trip, but a stroll through El Chorro Regional Park sharing observations of bird character",,,,,FALSE,,"027, 105",,OK,SOLID
92,92,Sunday,110,Retain,,8:30:00 AM,12:00:00 PM,3:30,F,Field Trip,South Morro Bay Shoreline,Birding Event,,,CC,Community Center,Ron Melcer,,,,,FALSE,Personal Vehicle,,,,FALSE,15,FALSE,"Join leader Ron Melcer for a flat 2-3 mile walk birding the diverse shoreline habitats of the Back Bay, including Sweet Springs Nature Preserve, Cuesta Inlet, and Pecho Willows.  Expect a variety of shorebirds, waterfowl, raptors and passerines.  12 miles",,,,,TRUE,SMBS2,"015, 106",,OK,SOLID
93,93,Sunday,098,Retain,,7:45:00 AM,12:00:00 PM,4:00,F,Field Trip,"Montaña de Oro Campground, Cove & Bluffs",Birding Event,BY,B,CC,Community Center,Eric Wier,Steve McMasters,,,,FALSE,Personal Vehicle,,,,FALSE,15,FALSE,"Bird with Eric Wier and Steve McMasters in a spectacular 8,600-acre state park with untamed coastline and coastal uplands.  Expect rocky-shore shorebirds, water birds, raptors, and passerines in various habitats.  Includes 1-2 miles of slow walking.  This",,,,,TRUE,MDO2,"049, 093, 135",,OK,SOLID
94,94,Sunday,111,Retain,,8:45:00 AM,12:00:00 PM,3:15,F,Field Trip,Beginning Birding Hot Spots,Birding Event,BY,B,CC,Community Center,Rick Austin,,,,,FALSE,Personal Vehicle,,,,FALSE,15,FALSE,This field class is for novice birders.  Travel to nearby locations where leader Rick Austin will help you identify some of the most beautiful and easy-to-see birds around Morro Bay.  Bring your favorite field guide and binoculars. <10 miles round trip by,,,,,FALSE,,,,OK,SOLID
95,95,Sunday,112,Retain,,9:00:00 AM,10:45:00 AM,1:45,F,Field Trip,Bay Birding Photo Cruise ,Birding Event,B,B,E,Embarcadero,Dave Keeling,,,,$30.00,TRUE,Boat,,,Yes,FALSE,18,FALSE,"Join local expert photographer Dave Keeling aboard a 34-foot power catamaran and cruise around the ever beautiful estuary.  Dave will attempt to spot and help identify birds that are seen.  Not all of them are cooperative, but there are always some good p",,,,,TRUE,BBPC3,"016, 065, 108",,OK,SOLID
96,96,Sunday,113,Retain,,9:00:00 AM,11:00:00 AM,2:00,F,Field Trip,Easy Birding,Birding Event,BWY,"B, W",CL,Cloisters,Dawn Beattie,,,,,FALSE,None,,,,FALSE,10,FALSE,"The Cloisters Park, with pond and nearby dunes, offers an interesting variety of birds, such as White- and Golden-crowned Sparrows, California Thrasher, Yellow-rumped Warbler, and Black-crowned Night-Heron.  The pond also attracts migratory ducks and gees",,,,,FALSE,,,,OK,SOLID
97,97,Sunday,116,Retain,,9:00:00 AM,12:00:00 PM,3:00,F,Field Trip,Kayaking,Birding Event,BY,,SPM,State Park Marina,John Flaherty,Virginia Flaherty,,,$45.00,TRUE,Kayak,,,Yes,FALSE,12,FALSE,"Go out on a kayak tour of Morro Bay with John and Virginia Flaherty and guides at Central Coast Outdoors.  Get an opportunity for an up-close view of White Pelicans, Brant, Common Loons, and a host of other migratory waterfowl and shorebirds in their natu",,,,,TRUE,K4,"017, 056, 066, 110, 129",,OK,SOLID
98,98,Sunday,114,Retain,,9:00:00 AM,12:00:00 PM,3:00,F,Field Trip,Birds of Sea and Land at Morro Rock,Birding Event,BY,B,CC,Community Center,Rouvaishyana ,,,,,FALSE,Personal Vehicle,,,,FALSE,15,FALSE,"Walk with Rouvaishyana, Museum Manager and Park Interpreter, and Bob Revel, State Parks Docent, at Morro Rock to watch cormorants, gulls of various species and age classes, Brown Pelicans, and maybe a Common Murre or other surprises.  The Rock is also hom",,,,,TRUE,BSLMR2,"032,  111",,OK,SOLID
100,100,Sunday,119,Retain,,1:00:00 PM,2:45:00 PM,1:45,F,Field Trip,Bay Birding Cruise ,Birding Event,BY,B,E,Embarcadero,Mike Stiles,,,,$30.00,TRUE,Boat,,,Yes,FALSE,18,FALSE,"Enjoy a leisurely boating tour of the bay and estuary with Mike Stiles in an open-deck 34-foot power catamaran.  View a variety of shorebirds and waterfowl, often at very close range.  The boat will move slowly enough for you to see details of many specie",,,,,TRUE,BBC4,"036, 070, 080, 114, 122, 136",,OK,SOLID
102,102,Sunday,122,Retain,,1:30:00 PM,2:30:00 PM,1:00,F,Field Trip,Pacific Wildlife Care Tour,Nature Event,BY,"B, C",CC,Community Center,Claudia Duckworth,,,,,FALSE,Personal Vehicle,,,,FALSE,15,FALSE,"Join long-time volunteer and board member, Claudia Duckworth, at the Pacific Wildlife Care Center in Morro Bay.  Following a brief presentation, Claudia will give a tour of the Wildlife Rehabilitation Center facility.  Learn about PWC's work with lead-poi",,,,,TRUE,PWCT2,"028, 117",,OK,SOLID
103,103,Sunday,123,Retain,,1:30:00 PM,3:00:00 PM,1:30,P,Presentation,Butterflying: A Perfect Complement to Birding,Nature Event,BWY,"B, W",CC,Community Center,Bill Bouton,,,,,FALSE,None,,,,FALSE,100,TRUE,"With the advent of inexpensive close-focusing binoculars and a new generation of field guides, many people, especially birders, are discovering the joys and rewards of butterfly-watching and photographing.  Since birds are most often active early and late",,,,,FALSE,,,Multipurpose Room,OK,SOLID
104,104,Friday,036,Retain,,2:00:00 PM,4:00:00 PM,2:00,F,Field Trip,Birds of Sea and Land at Morro Rock,Birding Event,BY,B,CC,Community Center,Claudia Freitas,Robbie Revel,,,,FALSE,Personal Vehicle,,,,FALSE,16,FALSE,"Walk with Claudia Freitas, biologist and State Parks Docent, and Robbie Revel, State Park Docent, at Morro Rock to watch cormorants, gulls of various species and age classes, Brown Pelicans, and maybe a Common Murre or other surprises.  The Rock is also h",,,,,TRUE,BSLMR1,"032,  111",,OK,SOLID
105,105,Sunday,125,Retain,,2:00:00 PM,4:30:00 PM,2:30,P,Presentation,Bird Skulls and Dissection,Nature Event,BW,"B, W",M,Museum,Rouvaishyana ,Jerry Kirkhart,,,,FALSE,None,,,,FALSE,12,FALSE,"If you’ve ever wondered about the muscular and organ systems of birds, this is for you.  Rouvaishyana, Manager of the Morro Bay Museum of Natural History, has skinned dozens of birds for mounted specimens.  Assisted by Jerry Kirkhart, State Parks Docent a",,,,,FALSE,,,Auditorium,OK,SOLID
106,106,Sunday,127,Retain,,2:45:00 PM,4:30:00 PM,1:45,F,Field Trip,Bay Birding Cruise ,Birding Event,BY,B,E,Embarcadero,David Lawrence,,,,$30.00,TRUE,Boat,,,Yes,FALSE,18,FALSE,"Enjoy a leisurely boating tour of the bay and estuary with leader Dave Lawrence in an open-deck 34-foot power catamaran.  View a variety of shorebirds and waterfowl, often at very close range.  The boat will move slowly enough for you to see details of ma",,,,,TRUE,BBC5,"036, 070, 080, 114, 122, 136",,OK,SOLID
109,109,Monday,131,Retain,,7:30:00 AM,12:00:00 PM,4:30,F,Field Trip,Birding Multiple Habitats,Nature Event,BY,B,CC,Community Center,Phil Adams,Carole Adams,,,,FALSE,Personal Vehicle,,,,FALSE,15,FALSE,"Observe the different birds found at San Simeon State Park by the creek, wetlands, chaparral, and pine forest habitats, with State Parks Docents Phil and Carole Adams.  Expect a variety of land birds including Pygmy Nuthatches. 50 miles round trip by pers",,,,,TRUE,VMH2,"007, 125",,OK,SOLID
110,110,Monday,132,Retain,,7:30:00 AM,12:00:00 PM,4:30,F,Field Trip,Eco-Friendly Halter Ranch,Birding Event,,,CC,Community Center,Roger Zachary,Mitch Wyss,,,,FALSE,Personal Vehicle,,,,FALSE,20,FALSE,"Drive through oak woodland along North County back roads with Roger Zachary and Mitch Wyss, retired Vineyard Manager and avid birder, to Halter Ranch for a tour of an environmentally sensitive vineyard.  See raptors and Yellow-billed Magpies as you drive,",,,,,FALSE,,,,,SOLID
111,111,Monday,135,Retain,,8:00:00 AM,11:00:00 AM,3:15,F,Field Trip,Kayaking,Birding Event,BY,,SPM,State Park Marina,John Flaherty,Virginia Flaherty,,,$45.00,TRUE,Kayak,,,Yes,FALSE,6,FALSE,"Go out on a kayak tour of Morro Bay with John and Virginia Flaherty and guides at Central Coast Outdoors.  Get an opportunity for an up-close view of White Pelicans, Brant, Common Loons, and a host of other migratory waterfowl and shorebirds in their natu",,,,,TRUE,K5,"017, 056, 066, 110, 129",,OK,SOLID
113,113,Monday,133,Retain,,7:45:00 AM,12:00:00 PM,4:15,F,Field Trip,Pontoon Boat Ride on Lopez Lake ??????,Birding Event,BY,B,CC,Community Center,Jan Surbey,Chuck Woodard,,,"$9,999.00",TRUE,Boat,,,Yes,FALSE,15,FALSE,"Designed for those driving home from the festival toward the south. From Highway 101, exit Grand Avenue East in Arroyo Grande and merge to Lopez Lake Road to arrive at Lake Lopez, 12 miles east of Arroyo Grande. Join Park Ranger Chuck Woodard and Jan Surb",,,,,FALSE,,,,OK,SOLID
114,114,Monday,138,Retain,,8:00:00 AM,2:00:00 PM,6:00,F,Field Trip,"Las Cruzitas Ranch, Santa Ynez",Birding Event,BW,"B, W",BU,Buellton,Cruz Phillips,Pete Dullea,Cher Hollingworth,,,FALSE,None,,,,FALSE,20,FALSE,"Designed for those driving home from the festival toward the south.  Meet at Albertson's Parking Lot in Buellton, CA (Hwy 246 east exit from 101).  This is 75 miles south of Morro Bay!  Meet Peter Dullea (cell 805-350-1304) at 8:00 am SHARP to continue on",,,,,TRUE,LCR2,"010, 133",,OK,SOLID
115,115,Monday,136,Retain,,8:00:00 AM,11:30:00 AM,3:30,F,Field Trip,Guadalupe Dunes & River Mouth ,Birding Event,,,SM,Santa Maria,Melissa Kelly,,,,,FALSE,None,,,,FALSE,15,FALSE,"Designed for those driving home from the festival toward the south.  Meet at Denny’s parking lot, 1019 E.  Main Street, in Santa Maria, CA (exit 171 from 101).  This is 45 miles south of Morro Bay!  Travel with Melissa Kelly, Santa Barbara County Parks Na",,,,,FALSE,,,,OK,SOLID
116,116,Monday,137,Retain,,8:00:00 AM,12:00:00 PM,4:00,F,Field Trip,Birding Fiscalini Ranch ,Birding Event,,,CC,Community Center,Bob Keally ,,,,,FALSE,Personal Vehicle,,,,FALSE,15,FALSE,"Bird with Bob Keally on Cambria's Fiscalini Ranch on a moderate (244 feet elevation gain) three-mile hike through grassland, mixed oak/Monterey pine forest, and coastal bluffs.  Expect a diversity of birds, including sparrows, birds of prey, Pygmy Nuthatc",,,,,TRUE,BFR2,"057, 132",,OK,SOLID
117,117,Monday,139,Retain,,8:15:00 AM,12:00:00 PM,3:45,F,Field Trip,Riparian Habitats of Montana de Oro,Birding Event,BY,"B, C",CC,Community Center,Rouvaishyana ,John Sayers,,,,FALSE,Personal Vehicle,,,,FALSE,15,FALSE,Travel with State Parks Interpreter Rouvaishyana and State Parks Environmental Scientist John Sayers for a walk through the riparian habitat in Montana de Oro State Park  to discuss how birds interact with their surroundings.  They will help identify bird,,,,,FALSE,,,,OK,SOLID
118,118,Monday,141,Retain,,8:30:00 AM,12:00:00 PM,3:30,F,Field Trip,Oso Flaco Lake Area ,Birding Event,BY,,OF,Oso Flaco,Tom Slater,Owen Slater,,,,FALSE,None,,,,FALSE,15,FALSE,"Bird with Tom and Owen Slater.  Enjoy close views of waterfowl, and often bitterns and rails, from the boardwalk over Oso Flaco lake and marsh.  Bird two prime willow habitats for wintering warblers. Includes 2 miles of slow walking.  Moderate. This trip ",,,,,TRUE,OFLA3,"053, 096, 131",,OK,SOLID
120,120,Monday,140,Retain,,8:30:00 AM,12:00:00 PM,3:30,F,Field Trip,"Montaña de Oro Campground, Cove & Bluffs",Birding Event,BY,B,CC,Community Center,Steve Griffith,,,,,FALSE,Personal Vehicle,,,,FALSE,15,FALSE,"Bird with Steve Griffith in a spectacular 8,600-acre state park with untamed coastline and coastal uplands.  Expect rocky-shore shorebirds, water birds, raptors, and passerines in various habitats.  Includes 1-2 miles of slow walking. 20 miles round trip ",,,,,TRUE,MDO3,"049, 093, 135",,OK,SOLID
121,121,Monday,142,Retain,,9:00:00 AM,10:45:00 AM,1:45,F,Field Trip,Bay Birding Cruise ,Birding Event,BY,B,E,Embarcadero,Claudia Freitas,Robbie Revel,,,$30.00,TRUE,Boat,,,Yes,FALSE,18,FALSE,"Enjoy a leisurely boating tour of the bay and estuary with State Parks Docents Claudia Freitas and Robbie Revel in an open-deck 34-foot power catamaran.  View a variety of shorebirds and waterfowl, often at very close range.  The boat will move slowly eno",,,,,TRUE,BBC6,"036, 070, 080, 114, 122, 136",,OK,SOLID
148,,Friday,009,Retain,,7:45:00 AM,12:00:00 PM,,F,Field Trip,Birding Montaña de Oro for Beginners,Birding Event,BY,,CC,Community Center,Claudia Freitas,Bob Revel,,,,FALSE,Personal Vehicle,,,,FALSE,15,FALSE,"Bird with Claudia Freitas and Bob Revel, State Parks Docents, in a rugged coastal park with spectacular shorelines and canyons.  Take a gentle walk through a variety of habitats including coastal scrublands and pine-studded campgrounds.  Follow Islay Cree",,,,x,FALSE,,,,OK,SOLID
149,,Friday,019,Retain,,10:00:00 AM,11:30:00 AM,,F,Field Trip,View Morro Bay Estuary from Black Hill,Nature Event,BY,,CC,Community Center,Lexi Bell,Rachel Pass,,,,FALSE,Personal Vehicle,,,,FALSE,15,TRUE,Hike to the top of Black Hill with Morro Bay National Estuary Program Assistant Director Lexie Bell and Communication and Outreach Coordinator Rachel Pass for a remarkable view of the bay and watershed.  Learn about the history and ecology of the Morro Ba,,,,,FALSE,,,,OK,SOLID
150,,Saturday,086,Retain,,7:00:00 PM,8:30:00 PM,,S,Special Event,Keynote Speaker: Sheri Williamson - Hummingbirds:  Small Wonders,Birding Event,BWY,"B, W",MBHS,Morro Bay High School,Sheri Williamson,,,,,FALSE,None,,,,FALSE,400,FALSE,"Tiny they may be, but hummingbirds know how to live large.  Dazzling colors, ""singing"" feathers, huge brains, voracious appetites, pugnacious personalities, continent-spanning migrations, and sometimes scandalous sex lives are just a few of the qualities ",,,,x,FALSE,,,,OK,SOLID
154,,Saturday,062,Retain,,8:00:00 AM,12:00:00 PM,,F,Field Trip,Morro Strand Shorebird Stroll,Birding Event,,,CL,Cloisters,Lucien Plauzoles,,,,,FALSE,None,,,,FALSE,15,FALSE,"Join Lucien Plauzoles of Santa Monica Bay Audubon Society for a level stroll past a pond, through coastal scrub, and then onto sandy beach.  Observe ducks, herons, gulls, terns, grebes, and several species of shorebirds including Snowy Plovers for a slow-",,,,,TRUE,MSSS1,"059, 098",,OK,SOLID
155,,Saturday,081,Retain,,2:00:00 PM,3:45:00 PM,,F,Field Trip,Birding Up Close,Birding Event,BY,,CC,Community Center,Kaaren Perry,Capt. Stew,,,$30.00,TRUE,Boat,,,Yes,FALSE,20,FALSE,"Enjoy a leisurely boating tour of the bay and estuary with Kaaren Perry and Captain Stew in a spacious pontoon boat.  View a variety of shorebirds and waterfowl, often at very close range.  The boat will move slowly enough for you to see details of many s",,,,,TRUE,MBUC1,"077, 119",,OK,SOLID
156,,Sunday,097,Retain,,7:45:00 AM,12:00:00 PM,,F,Field Trip,Laguna Lake,Birding Event,BY,B,CC,Community Center,Jay Carroll,Scott Inman,,,,FALSE,Personal Vehicle,,,,FALSE,15,FALSE,"Bird with leader Jay Carroll at Laguna Lake and the surrounding park, a migratory stop and home to a variety of waterfowl.  Expect to see a variety of ducks, gulls, grebes, shorebirds, herons, egrets, Snow Geese and other birds, such as House Finch, goldf",,,,,FALSE,,,,OK,SOLID
157,,Saturday,050,Retain,,7:15:00 AM,12:00:00 PM,,F,Field Trip,San Luis Creek Mouth and Cal Poly Pier,Nature Event,BW,W,CC,Community Center,Michele Roest,Ken Hillers,,,,FALSE,Personal Vehicle,,,,FALSE,20,FALSE,"Join Cal Poly Biology professor Ken Hillers and biologist Michele Roest in Avila Beach to see shorebirds and water birds.  You will start by walking to the end of the Cal Poly Pier (normally closed to the public), which extends half a mile into San Luis B",,,,,FALSE,,,,OK,SOLID
158,,Saturday,078,Retain,,1:00:00 PM,4:00:00 PM,,P,Presentation,The Basics of Bird Photography,Birding Event,W,,ST,St. Timothy's,Don Quintana,,,,,FALSE,None,,,,FALSE,50,FALSE,"Join wildlife photographer Donald Quintana as he guides you through the basics of understanding bird photography.  Whether you're capturing images for documentation or for artistic pleasure, you’ll want to know what gear is best suited for your needs, how",,,,,FALSE,,,,OK,SOLID
161,,Sunday,101,Retain,,8:00:00 AM,12:00:00 PM,,F,Field Trip,Morro Strand Shorebird Stroll,Birding Event,,,CL,Cloisters,Lucien Plauzoles,,,,,FALSE,None,,,,FALSE,15,FALSE,"Join Lucien Plauzoles of Santa Monica Bay Audubon Society for a level stroll past a pond, through coastal scrub, and then onto sandy beach.  Observe ducks, herons, gulls, terns, grebes, and several species of shorebirds including Snowy Plovers for a slow-",,,,,TRUE,MSSS2,"059, 098",,OK,SOLID
162,,Saturday,058,Retain,,8:00:00 AM,10:00:00 AM,,P-F,Presentation/Field Trip,PhoneScoping,Birding Event,,,CC,Community Center,Bruce Webb,,,,,FALSE,Personal Vehicle,,,,FALSE,8,FALSE,"The latest fun way to document your sightings is with the camera in your smartphone (preferably iPhone).  Join Bruce Webb, Swarovski Optik Field Tech, in a two-hour PhoneScoping field workshop to improve your technique.  Bruce will have smartphone adapter",,,,,TRUE,PS1,"054, 095",Lounge,OK,SOLID
163,,Sunday,124,Retain,,2:00:00 PM,3:45:00 PM,,F,Field Trip,Birding Up Close,Birding Event,BY,,CC,Community Center,Kaaren Perry,Capt. Stew,,,$30.00,TRUE,Boat,,,Yes,FALSE,20,FALSE,"Enjoy a leisurely boating tour of the bay and estuary with Kaaren Perry and Captain Stew in a spacious pontoon boat.  View a variety of shorebirds and waterfowl, often at very close range.  The boat will move slowly enough for you to see details of many s",,,,,TRUE,MBUC2,"077, 119",,OK,SOLID
164,,Sunday,100,Retain,,8:00:00 AM,10:00:00 AM,,F,Field Trip,PhoneScoping,Birding Event,,,CC,Community Center,Bruce Webb,,,,,FALSE,Personal Vehicle,,,,FALSE,8,FALSE,"The latest fun way to document your sightings is with the camera in your smartphone (preferably iPhone).  Join Bruce Webb, Swarovski Optik Field Tech in a two-hour PhoneScoping field workshop to improve your technique.  Bruce will have smartphone adapters",,,,,TRUE,PS2,"054, 095",,OK,SOLID
165,,Sunday,126,Retain,,2:00:00 PM,5:00:00 PM,,P-F,Presentation/Field Trip,Dairy Creek Zero-Waste Facility,Nature Event,BY,B,CC,Community Center,Karl Frank,Josh Heptig,,,,FALSE,Personal Vehicle,,,,FALSE,15,FALSE,"Join San Luis Obispo Golf Superintendent Josh Heptig and bird leader Karl Frank for a brief PowerPoint presentation followed by a fascinating tour of Dairy Creek’s Zero Waste facilities.  Visit the owl boxes and raptor perches, as well as the sheep that a",,,,,FALSE,,,Lounge,OK,SOLID
167,,Saturday,046,Retain,,7:00:00 AM,12:00:00 PM,,F,Field Trip,Bird the Oceano Lagoon,Birding Event,B,B,CC,Community Center,Rich Hansen,Gary Espiau,Ray VanBuskirk,,$50.00,TRUE,Van,,,,FALSE,15,FALSE,"Join birders Rich Hansen, Gary Espiau, and Ray Van Buskirk on an easy morning hunt for birds while strolling around the Oceano lagoon area and through the native plant gardens at Pismo State Beach.  Search for that elusive songster or water bird and learn",,,,,FALSE,,,,ok,SOLID
169,,Friday,029,Retain,,1:00:00 PM,4:00:00 PM,,F,Field Trip,Birding by Careful Observation,Birding Event,BY,,CC,Community Center,Michele Roest,,,,,FALSE,Personal Vehicle,,,,FALSE,15,FALSE,"Enjoy birds through leisurely in-depth observation and enhance your ID skills with the help of biologist Michele Roest.  This is not a ""tick and run"" kind of birding trip, but a stroll through El Chorro Regional Park sharing observations of bird character",,,,x,FALSE,,"027, 105",,OK,SOLID
171,,Sunday,091,Retain,,7:00:00 AM,12:00:00 PM,,F,Field Trip,Point Buchon Ecology Field Trip,Nature Event,BY,,CC,Community Center,Sally Krenn,,,,,FALSE,Personal Vehicle,,,,FALSE,15,FALSE,"Join Sally Krenn, PG&E Biologist, as you explore the spectacular scenic coastline at Point Buchon.  Learn the background of this historic ranch and the efforts to regenerate the Bishop pine forest along the ridges overlooking the ocean.  Look for marine m",,,,,TRUE,PBEFT2,"041, 086",,OK,SOLID
174,,Saturday,082,Retain,,2:00:00 PM,4:30:00 PM,,P,Presentation,Birding By Ear Workshop,Birding Event,W,,CC,Community Center,Jessica Griffiths,,,,,FALSE,None,,,,FALSE,30,FALSE,"Learning bird songs and calls will make you a better birder, and enrich your birding experience.  But it can be challenging!  Jessica Griffiths will provide tips, tricks, and mnemonic devices for identifying birds by sound.  She will go over how to differ",,,,x,TRUE,BBE1,"078, 092",Multipurpose Room,OK,SOLID
175,,Sunday,096,Retain,,7:45:00 AM,12:00:00 PM,,F,Field Trip,Birding By Ear Field Trip,Birding Event,,,CC,Community Center,Jessica Griffiths,,,,,FALSE,Personal Vehicle,,,,FALSE,15,FALSE,"Most birds are heard, not seen!  Learning to identify birds by sound is fun and rewarding, but it takes practice. Join Jessica Griffiths for a morning of birding as we work on identifying birds by song and call.  We will use the tips, tricks, and mnemonic",,,,x,TRUE,BBE2,"078, 092",,OK,SOLID
176,,Saturday,066,Retain,,8:30:00 AM,12:00:00 PM,,P-F,Presentation/Field Trip,A Morning with the Monarchs,Nature Event,BY,,CC,Community Center,Jessica Griffiths,,,,,FALSE,Personal Vehicle,,,,FALSE,30,FALSE,"Join Jessica Griffiths for a morning with monarch butterflies.  Like birds, monarch butterflies embark on an incredible migration, and tens of thousands of them spend the winter on the Central Coast.  The morning will start with a short indoor presentatio",,,,,FALSE,,,Multipurpose Room,OK,SOLID
177,,Monday,130,Retain,,7:00:00 AM,12:00:00 PM,,F,Field Trip,Back Bay Birding,Birding Event,B,,CC,Community Center,Jim Royer,,,,,FALSE,Personal Vehicle,,,,FALSE,15,FALSE,"Join expert birder Jim Royer to bird the southern end of Morro Bay, between Pecho Willows and the Audubon Overlook. We should see a variety of shorebirds, waterfowl, and passerines (well over 60 species, weather allowing). Expect a quick paced, but enjoya",,,,,FALSE,,,,OK,SOLID
179,,Friday,032,Retain,,1:30:00 PM,4:30:00 PM,,P,Presentation,Bird Sounds Workshop,Birding Event,,,ST,St. Timothy's,Roy Poucher,,,,,FALSE,None,,,,FALSE,50,FALSE,Bird songs are Nature’s Music.  We can plug into this magic no matter how good we are at finding birds with our eyes. These sounds are already coming at us from 360 degrees.  The focus of this workshop by Roy Poucher is to increase our birding enjoyment v,,,,,TRUE,BSW1,"030, 048, 087",,OK,SOLID
180,,Saturday,053,Retain,,7:30:00 AM,11:30:00 AM,,F,Field Trip,Birds Sounds Field Study,Birding Event,,,CC,Community Center,Roy Poucher,,,,,FALSE,Personal Vehicle,,,,FALSE,15,FALSE,"Join Roy Poucher in the field for the “hands-on” companion to the Bird Sounds Workshop on Friday afternoon. The goal is to solidify the general principles explored on Friday, and provide practical experience with field identification of specific Morro Bay",,,,,TRUE,BSW2,"030, 048, 087",,OK,SOLID
181,,Sunday,092,Retain,,7:30:00 AM,11:30:00 AM,,F,Field Trip,Birds Sounds Field Study,Birding Event,,,CC,Community Center,Roy Poucher,,,,,FALSE,Personal Vehicle,,,,FALSE,15,FALSE,"Join Roy Poucher in the field for the “hands-on” companion to the Bird Sounds Workshop on Friday afternoon. The goal is to solidify the general principles explored on Friday, and provide practical experience with field identification of specific Morro Bay",,,,,TRUE,BSW3,"030, 048, 087",,OK,SOLID
182,,Sunday,109,Retain,,8:30:00 AM,12:00:00 PM,,F,Field Trip,Marina & Campground Birding,Birding Event,BY,,CC,Community Center,Mike Bush,Bert Townsend,,,,FALSE,Personal Vehicle,,,,FALSE,15,FALSE,"Join leaders Mike Bush and Bert Townsend to explore the Morro Bay State Park marina boardwalk and the environs around the campground. Expect to see shorebirds, ducks, geese, loons, grebes, gulls, terns and herons.  Additionally, Peregrine Falcons and othe",,,,x,FALSE,,,,OK,SOLID
183,,Sunday,107,Retain,,8:30:00 AM,11:30:00 AM,,P-F,Presentation/Field Trip,Birding for Beginners,Birding Event,BY,,M,Museum,Robbie Revel,Karen Watts,,,,FALSE,None,,,,FALSE,15,FALSE,"Join State Parks Docents Robbie Revel and Karen Watts to learn the skills needed to master birding as a hobby.  During the presentation, the resources of the Morro Bay State Park Museum will be used to illustrate the criteria for bird identification. You ",,,,x,FALSE,,,Auditorium,OK,SOLID
185,,Monday,144,Retain,,10:15:00 AM,11:30:00 AM,,P,Presentation,MONDAY MIND WALK,Birding Event,BWY,,V,Veterans' Hall,,,,,,FALSE,None,,,,FALSE,180,FALSE,The XXXXXXXXXXXXXXXXXXXXXXXXXXXXXXXXXXXXX,,,,x,FALSE,,,,OK,
186,,Friday,021,Retain,,10:00:00 AM,12:00:00 PM,,P,Presentation,Birding and Technology,Nature Event,BY,,CC,Community Center,Chris Cameron,,,,,FALSE,None,,,,FALSE,25,FALSE,"Can technology and birding be friends?  At this workshop, you'll learn how to enhance your nature observations by experimenting with a variety of new nature apps. Why would you want to ruin your time in nature by mixing in a smartphone?  Because these new",,,,x,FALSE,,,Lounge,OK,SOLID
187,,Friday,028,Retain,,1:00:00 PM,3:00:00 PM,,P,Presentation,Marine Protected Area,Nature Event,BY,,CC,Community Center,Dean Wendt,,,,,FALSE,None,,,,FALSE,40,FALSE,"This seminar, presented by Dean Wendt, Cal Poly Professor of Biology, will provide a general overview of the different types of spatial designations (e.g., Sanctuary, Marine Protected Area, National Estuary, etc.) and what we understand to be some of the ",,,,x,FALSE,,,Multipurpose Room,OK,SOLID
188,,Friday,034,Retain,,2:00:00 PM,3:00:00 PM,,P,Presentation,Protecting Place - Land Trusts,Nature Event,B,,CC,Community Center,Daniel Bohlman,,,,,FALSE,None,,,,FALSE,50,FALSE,"Join The Land Conservancy of San Luis Obispo County's Conservation Director, Daniel Bohlman, for a look at how land trusts protect and enhance critical landscapes for the benefit of people and wildlife.",,,,x,FALSE,,,Lounge,OK,SOLID
189,,Friday,041,Retain,,3:30:00 PM,4:30:00 PM,,P,Presentation,About the Morro Bay Estuary Program,Nature Event,BW,,CC,Community Center,Rachel Pass,,,,,FALSE,None,,,,FALSE,40,FALSE,"The Morro Bay estuary serves as a vital stopover and wintering ground for migratory birds, and is home to many plants and wildlife that cannot be found anywhere else. The U.S. Congress recognized Morro Bay as an Estuary of National Significance in 1995. I",,,,,FALSE,,,Lounge,OK,SOLID
190,,Saturday,085,Retain,,4:00:00 PM,5:00:00 PM,,P,Presentation,Seabird Protection Network,Nature Event,BW,,CC,Community Center,Dan Robinette,,,,,FALSE,None,,,,FALSE,40,FALSE,"Dan Robinette of the Point Blue Conservation Science will be speaking about seabird life history strategies and the importance of California’s coastal habitats for seabird breeding, roosting, and foraging.  He will highlight some of the many threats that ",,,,x,FALSE,,,Lounge,OK,SOLID
191,,Saturday,080,Retain,,2:00:00 PM,3:00:00 PM,,P,Presentation,Climate Change on the Central Coast,Nature Event,BWY,,CC,Community Center,John Lindsey,Ray Weymann,,,,FALSE,None,,,,FALSE,40,FALSE,"Dr. Ray Weymann, astrophysicist, will summarize the basic science behind climate change, as well as the observed evidence for a changing global climate along with the evidence that fossil fuel consumption has been responsible for the rapid warming of the ",,,,x,FALSE,,,Lounge,OK,SOLID
192,,Sunday,117,Retain,,9:30:00 AM,12:00:00 PM,,P-F,Presentation/Field Trip,Sustainable Seafood,Nature Event,BY,,CC,Community Center,Steve Hendricks,,,,,FALSE,Personal Vehicle,,,,FALSE,20,FALSE,"Join Steve Hendricks, Cuesta College biology instructor, for an introduction to sustainable commercial fishing. Steve will cover some key topics in a brief lecture, then head for the docks in Morro Bay to get a first hand look at various kinds of boats an",,,,x,FALSE,,,Multipurpose Room,OK,SOLID
194,,Sunday,120,Retain,,1:00:00 PM,3:00:00 PM,,F,Field Trip,Elfin Forest,Nature Event,BY,,CC,Community Center,Vicky Johnsen,,,,,FALSE,Personal Vehicle,,,,FALSE,15,FALSE,"Join Vicky Johnsen at the Elfin Forest, which encompasses 7 habitats, all visible from the boardwalk. The “Magic” of the Elfin Forest is in the adaptability of the various plant communities to a very hostile environment and the hidden beauty found everywh",,,,x,FALSE,,,,OK,SOLID
195,,Sunday,103,Retain,,8:00:00 AM,1:00:00 PM,,F,Field Trip,San Luis Lighthouse at Avila,Nature Event,BY,,CC,Community Center,Paul O'Connor,,,,$40.00,FALSE,Personal Vehicle,,,,FALSE,26,FALSE,"Paul O'Connor and the Point San Luis Lighthouse Keepers welcome you to a docent-led interpretive tour of the beautifully restored San Luis Lighthouse, the Hornhouse, and other structures. You will get a glimpse into the lives of the families who were the ",,,,,FALSE,,,,3 hour time is not enough time.  Moving the end time will enable walk down to the beach.,SOLID
196,,Friday,023,Retain,,10:00:00 AM,12:00:00 PM,,F,Field Trip,Visit an Oyster Farm on Morro Bay Estuary,Nature Event,BY,,SPM,State Park Marina,George Trevelyan,,,,$30.00,TRUE,Boat,,,,FALSE,20,FALSE,Join marine biologist and oyster farmer George Trevelyan on a tour of Grassy Bar Oyster Company's intertidal oyster bed.  We will look at and talk about how we raise oysters and how they fit into the ecology of the estuary. Meet at XXXXXXXXXXXX to board a,,,,x,FALSE,,,,OK,SOLID
197,,Saturday,072,Retain,,10:00:00 AM,12:00:00 PM,,P,Presentation,Field Recording Basics,Birding Event,BW,,CC,Community Center,Tom Graves,,,,,FALSE,None,,,,FALSE,40,FALSE,"Having a birding by ear expert with you every time you’re out would be great, but with smaller higher quality recording devices, you can bring home bird sounds and ID them yourself with careful study.  Or email your recording to an expert if you get stump",,,,x,FALSE,,,Lounge,OK,SOLID
198,,Friday,020,New,,10:00:00 AM,11:45:00 AM,,F,Field Trip,Morro Bay Up Close,Nature Event,BY,,CC,Community Center,John McCabe,Capt. Stew,,,$30.00,TRUE,Boat,,,,FALSE,20,FALSE,"State Parks Docent John McCabe begins this special trip by describing the geologic history of Morro Rock and features of the estuary using photos, diagrams and hands-on materials.  Captain Stew will then take you on a bay cruise on his spacious pontoon bo",,,,,FALSE,,,,,SOLID
199,,Friday,035,New,,2:00:00 PM,3:45:00 PM,,F,Field Trip,Birding Up Close,Nature Event,,,CC,Community Center,Marlin Harms,Capt. Stew,,,$30.00,TRUE,Boat,,,,FALSE,20,FALSE,"Enjoy a leisurely boating tour of the bay and estuary with Marlin Harms and Captain Stew in a spacious pontoon boat.  View a variety of shorebirds and waterfowl, often at very close range.  The boat will move slowly enough for you to see details of many s",,,,,FALSE,,,,,SOLID
200,,Saturday,071,New,,10:00:00 AM,11:45:00 AM,,F,Field Trip,Morro Bay Up Close,Nature Event,BY,,CC,Community Center,John McCabe,Capt. Stew,,,$30.00,TRUE,Boat,,,,FALSE,20,FALSE,"State Parks Docent John McCabe begins this special trip by describing the geologic history of Morro Rock and features of the estuary using photos, diagrams and hands-on materials.  Captain Stew will then take you on a bay cruise on his spacious pontoon bo",,,,,FALSE,,,,,SOLID
201,,Sunday,118,New,,10:00:00 AM,11:45:00 AM,,F,Field Trip,Morro Bay Up Close,Nature Event,BY,,CC,Community Center,John McCabe,Capt. Stew,,,$30.00,TRUE,Boat,,,,FALSE,20,FALSE,"State Parks Docent John McCabe begins this special trip by describing the geologic history of Morro Rock and features of the estuary using photos, diagrams and hands-on materials.  Captain Stew will then take you on a bay cruise on his spacious pontoon bo",,,,,FALSE,,,,,SOLID
202,,Monday,143,New,,10:00:00 AM,11:45:00 AM,,F,Field Trip,Morro Bay Up Close,Birding Event,BY,,CC,Community Center,John McCabe,Capt. Stew,,,$30.00,TRUE,Boat,,,,FALSE,20,FALSE,"State Parks Docent John McCabe begins this special trip by describing the geologic history of Morro Rock and features of the estuary using photos, diagrams and hands-on materials.  Captain Stew will then take you on a bay cruise on his spacious pontoon bo",,,,,FALSE,,,,,SOLID
203,,Sunday,089,New,,6:45:00 AM,5:00:00 PM,,F,Field Trip,Birding the Carrizo Plain,Birding Event,,,CC,Community Center,Will Knowlton,Peter Gaede,,,$80.00,TRUE,Van,,,,FALSE,14,FALSE,"Join Will Knowlton XXXXXs and Peter Gaede XXXXX  for a fast-paced trip to look for Golden Eagles, Merlins, Prairie Falcons, Ferruginous Hawks, Mountain Plovers, Sage and Vesper Sparrows, and much more in this unique habitat of semi-desert scrub, open gras",,,,,FALSE,,,,,still up in the air
204,,Sunday,129,Retain,,7:00:00 PM,8:30:00 PM,,P,Presentation,Sunday Keynote Speaker - Tom Wood - The Hummer with the Silver Bracelet,Birding Event,BYW,,MBHS,Morro Bay High School,Tom Wood,,,,,FALSE,None,,,,FALSE,300,FALSE,The Hummer with a Silver Bracelet - Examining 25 years of hummingbird banding.  This program recounts more than two decades of studying hummingbirds in southeastern Arizona in one of the longest-running banding projects of its type.  We'll see the evoulti,,,,,FALSE,,,,,SOLID
205,,Friday,033,New,,2:00:00 PM,3:00:00 PM,,P,Presentation,Owling Workshop,Birding Event,B,,CC,Community Center,Chris Cameron,Karl Frank,,,,FALSE,None,,,,FALSE,30,FALSE,"Learn how to find and watch owls with local maps for your own exploration with presenter Chris Cameron.  Learn field ID, seasoality, vocalizations, range, habitat, and owling etiquette.  Live and mounted owl specimens will help participants identify and a",,,,,FALSE,,,,,SOLID
206,,Friday,042,Retain,,3:30:00 PM,9:00:00 PM,,F,Field Trip,Owling Field Trip,Birding Event,,,CC,Community Center,Chris Cameron,Karl Frank,,,$50.00,TRUE,Van,,,,FALSE,18,FALSE,"Daytime owls 3:30-5:30pm.  ""Dutch treat"" dinner 5:30-6:30pm.  Nightime owls 6:30-8:30pm.  Bus leaves from Community Center at 3:30pm and returns 9:00ish pm. 

Beginning with daytime owling to hunt for short eared and burrowing owls, and any roosting owls.",,,,,FALSE,,,,,SOLID
207,,Friday,024,New,,12:30:00 PM,2:00:00 PM,,P,Presentation,Condor Recovery Program/Hi Mountain Lookout Project,Birding Event,BWY,,CC,Community Center,Steve Schubert,,,,,TRUE,,,,,FALSE,0,FALSE,"The endangered California Condor population, once near the brink of extinction, has been on the recovery the past several decades due to innovative management techniques and dedicated work by staff biologists and volunteers, in coordination with the Calif",,,,,FALSE,,,,,SOLID
209,,Sunday,088,Retain,,6:45:00 AM,4:00:00 PM,,F,Field Trip,Bicycle Birding Big Day,Birding Event,B,,CC,Community Center,Jim Royer,,,,,FALSE,Bicycle,,,,FALSE,10,FALSE,Join Jim Royer for a birding tour of the area on bicycle and on foot. Length: about a 10-mile loop with some moderate hills and short walks. Start and end at the Community Center. The pace will be slow with frequent stops for birding. We will discuss fiel,,,,,FALSE,,,,,SOLID
211,,Friday,027,New,,1:00:00 PM,3:00:00 PM,,P,Presentation,Delving into the Mysteries of Sparrow Identification and Natural History,Birding Event,BW,,CC,Community Center,David Jaffee,,,,,FALSE,None,,,,FALSE,30,FALSE,"This seminar is designed for folks interested in exploring the veil of secrecy shrouding LBB’s (little brown birds) and will be generally geared towards beginner ‘delvers’, although all are welcome. The workshop will spend about 1 1/2 to 2 hours indoors l",,,,,FALSE,,,,,SOLID
212,,Saturday,054,New,,7:30:00 AM,11:30:00 AM,,F,Field Trip,Delving into the Mysteries of Sparrow Identification and Natureal History - Field Trip,Birding Event,B,,CC,Community Center,David Jaffee,,,,,FALSE,Personal Vehicle,,,,FALSE,15,FALSE,"Join Biologist David Jaffee for this Sparrow Field Trip.  The Friday seminar is designed for folks interested in exploring the veil of secrecy shrouding LBB’s (little brown birds) and will be generally geared towards beginner ‘delvers’, although all are w",,,,,FALSE,,,,,SOLID
